id,name,model_id,group_id/id,operation,domain
access_fiscal_ws_user,l10n_ar.fiscal.ws.user,l10n_ar.fiscal.ws,base.group_user,r,
access_fiscal_ws_manager,l10n_ar.fiscal.ws.manager,l10n_ar.fiscal.ws,base.group_system,crud,
access_fiscal_ws_mapping_user,l10n_ar.fiscal.ws.mapping.user,l10n_ar.fiscal.ws.mapping,base.group_user,r,
access_fiscal_ws_mapping_manager,l10n_ar.fiscal.ws.mapping.manager,l10n_ar.fiscal.ws.mapping,base.group_system,crud,
access_fiscal_ws_mapping_line_user,l10n_ar.fiscal.ws.mapping.line.user,l10n_ar.fiscal.ws.mapping.line,base.group_user,r,
access_fiscal_ws_mapping_line_manager,l10n_ar.fiscal.ws.mapping.line.manager,l10n_ar.fiscal.ws.mapping.line,base.group_system,crud,
access_fiscal_connection_manager,l10n_ar.fiscal.ws.connection.manager,l10n_ar.fiscal.ws.connection,base.group_user,crud,
access_fiscal_certificate_alias_manager,l10n_ar.fiscal.certificate.alias.manager,l10n_ar.fiscal.certificate.alias,base.group_system,crud,
access_fiscal_certificate_alias_user,l10n_ar.fiscal.certificate.alias.user,l10n_ar.fiscal.certificate.alias,base.group_user,r,
fiscal_certificate_alias_multi_company_rule,Afipws Certificate Alias Multi-company,l10n_ar.fiscal.certificate.alias,,crud,"[('company_id', 'in', company_ids)]"
access_fiscal_certificate_manager,l10n_ar.fiscal.certificate.manager,l10n_ar.fiscal.certificate,base.group_system,crud,
access_fiscal_certificate_user,l10n_ar.fiscal.certificate.user,l10n_ar.fiscal.certificate,base.group_user,r,
fiscal_certificate_multi_company_rule,Afipws Certificate Multi-company,l10n_ar.fiscal.certificate,,crud,"[('alias_id.company_id','child_of',company_ids)]"
access_a5_wizard,res.partner.update.from.padron.wizard,res.partner.update.from.padron.wizard,base.group_user,crud,
access_fiscal_upload_certificate_wizard,l10n_ar.fiscal.certificate.upload.wizard,l10n_ar.fiscal.certificate.upload.wizard,base.group_system,crud,
access_res_partner_update_from_padron_field,res.partner.update.from.padron.field,res.partner.update.from.padron.field,base.group_user,crud,
access_fiscal_ws_recover,l10n_ar.fiscal.ws.recover,l10n_ar.fiscal.ws.recover,account.group_account_invoice,crud,
access_fiscal_ws_recover_line,l10n_ar.fiscal.ws.recover.line,l10n_ar.fiscal.ws.recover.line,account.group_account_invoice,crud,
